{"cameraMode":{"drawMode":0,"name":"Shaded","section":"Shading Mode"},"sceneLighting":true,"audioPlay":false,"sceneViewState":{"m_AlwaysRefresh":false,"showFog":true,"showSkybox":true,"showFlares":true,"showImageEffects":true,"showParticleSystems":true,"showVisualEffectGraphs":true,"m_FxEnabled":true},"in2DMode":false,"pivot":{"x":0.009699463844299317,"y":0.021975785493850709,"z":0.31853747367858889},"rotation":{"x":0.04415889084339142,"y":-0.07101462781429291,"z":0.0012771323090419174,"w":0.9966307282447815},"size":2.5944643020629885,"orthographic":false}